source,url,type,what_it_grounded,rows_using_this
"TNAU rice blast — leaf blast vs neck blast, symptoms, fungicide schedule",http://agritech.tnau.ac.in/crop_protection/rice_diseases/rice_1.html,Extension Portal,crop_disease — rice,"tn-agri-196, tn-agri-197, tn-agri-198, tn-agri-199"
TNAU agro-meteorological advisory — district-wise weather-based crop advisory,http://agritech.tnau.ac.in/agrometeorologicaladvisory/agro_meteorological_advisory.html,Extension Portal,weather_advisory — all,"tn-agri-196, tn-agri-197"
"TNAU animal husbandry — cattle management, disease, vaccination schedule",http://agritech.tnau.ac.in/animal_husbandry/animhus_index.html,Extension Portal,livestock_dairy — cattle,"tn-agri-198, tn-agri-199"
"TNAU banking and credit — KCC, agricultural loans, interest subvention",http://agritech.tnau.ac.in/banking/credit_bank.html,Extension Portal,government_schemes — all,"tn-agri-200, tn-agri-201"
"TNAU brinjal cultural practices — little leaf, fruit borer, wilt",http://agritech.tnau.ac.in/horticulture/horti_vegetables_brinjal_cultural.html,Extension Portal,crop_disease — brinjal,"tn-agri-202, tn-agri-203"
"TNAU brinjal manuring — shoot and fruit borer, ETL, neem oil",http://agritech.tnau.ac.in/horticulture/horti_vegetables_brinjal_manuring.html,Extension Portal,pest_control — brinjal,"tn-agri-204, tn-agri-205, tn-agri-206, tn-agri-207"
"TNAU agricultural marketing — price discovery, AGMARKNET, regulated markets",http://agritech.tnau.ac.in/agricultural_marketing/agrimark_index.html,Extension Portal,market_price — all,"tn-agri-196, tn-agri-197"
TNAU agro-meteorological advisory — district-wise weather-based crop advisory,http://agritech.tnau.ac.in/agrometeorologicaladvisory/agro_meteorological_advisory.html,Extension Portal,weather_advisory — all,"tn-agri-198, tn-agri-199"
"TNAU animal husbandry — cattle management, disease, vaccination schedule",http://agritech.tnau.ac.in/animal_husbandry/animhus_index.html,Extension Portal,livestock_dairy — cattle,"tn-agri-200, tn-agri-201"
"TNAU banking and credit — KCC, agricultural loans, interest subvention",http://agritech.tnau.ac.in/banking/credit_bank.html,Extension Portal,government_schemes — all,"tn-agri-202, tn-agri-203"
"TNAU brinjal cultural practices — little leaf, fruit borer, wilt",http://agritech.tnau.ac.in/horticulture/horti_vegetables_brinjal_cultural.html,Extension Portal,crop_disease — brinjal,"tn-agri-204, tn-agri-205"
"TNAU brinjal manuring — shoot and fruit borer, ETL, neem oil",http://agritech.tnau.ac.in/horticulture/horti_vegetables_brinjal_manuring.html,Extension Portal,pest_control — brinjal,"tn-agri-206, tn-agri-207"
"TNAU brinjal season — sowing calendar, monsoon timing, heat tolerance",http://agritech.tnau.ac.in/horticulture/horti_vegetables_brinjal_season.html,Extension Portal,weather_advisory — brinjal,"tn-agri-208, tn-agri-209"
"TNAU chilli cultural practices — anthracnose, leaf curl, Phytophthora",http://agritech.tnau.ac.in/horticulture/horti_vegetables_chilli_cultural.html,Extension Portal,crop_disease — chilli,"tn-agri-210, tn-agri-211"
"TNAU chilli manuring and pest context — mites, thrips, ETL thresholds",http://agritech.tnau.ac.in/horticulture/horti_vegetables_chilli_Manuring.html,Extension Portal,pest_control — chilli,"tn-agri-212, tn-agri-213"
"TNAU chilli season and sowing — optimal sowing window, rain dependency",http://agritech.tnau.ac.in/horticulture/horti_vegetables_chili_season_sowing.html,Extension Portal,weather_advisory — chilli,"tn-agri-214, tn-agri-215"
"TNAU coconut disease management — bud rot, stem bleeding, root wilt",http://agritech.tnau.ac.in/horticulture/horti_pcrops_coconut_dis_mgnt.html,Extension Portal,crop_disease — coconut,"tn-agri-216, tn-agri-217"
"TNAU coconut drip irrigation — schedule, water saving, fertigation through drip",http://agritech.tnau.ac.in/horticulture/horti_pcrops_coconut_drip.html,Extension Portal,irrigation — coconut,"tn-agri-218, tn-agri-219"
"TNAU coconut harvest — maturity, copra drying, nut interval, post-harvest",http://agritech.tnau.ac.in/horticulture/horti_pcrops_coconut_harvest.html,Extension Portal,harvest_timing — coconut,"tn-agri-220, tn-agri-221"
"TNAU coconut overview — varieties, yield, value addition, marketing channels",http://agritech.tnau.ac.in/horticulture/horti_plantation%20crops_coconut.html,Extension Portal,market_price — coconut,"tn-agri-222, tn-agri-223"
"TNAU coconut pest management — rhinoceros beetle, red palm weevil, eriophyid mite",http://agritech.tnau.ac.in/horticulture/horti_pcrops_coconut_pest_dis_mgnt.html,Extension Portal,pest_control — coconut,"tn-agri-224, tn-agri-225"
"TNAU coconut soil and planting — laterite, sandy loam, pit preparation",http://agritech.tnau.ac.in/horticulture/horti_pcrops_coconut_soilplanting.html,Extension Portal,soil_health — coconut,"tn-agri-226, tn-agri-227"
"TNAU coconut water management — basin irrigation, seasonal schedules",http://agritech.tnau.ac.in/horticulture/horti_pcrops_coconut_watermgnt.html,Extension Portal,irrigation — coconut,"tn-agri-228, tn-agri-229"
"TNAU crop insurance — PMFBY, enrollment, claim process",http://agritech.tnau.ac.in/crop_insurance/crop_ins.html,Extension Portal,market_price — all,"tn-agri-230, tn-agri-231"
"TNAU dryland technologies — drought-tolerant varieties, conservation farming",http://agritech.tnau.ac.in/drylandtechnologies.html,Extension Portal,weather_advisory — all,"tn-agri-232, tn-agri-233"
"TNAU FPO — collective marketing, price negotiation, registration",http://agritech.tnau.ac.in/farm_association/farm_asso_organi.html,Extension Portal,market_price — all,"tn-agri-234, tn-agri-235"
"TNAU banana nitrogen deficiency — yellowing, foliar spray dose, split application",http://agritech.tnau.ac.in/horticulture/plant_nutri/banana_nitro.html,Extension Portal,fertilizer — banana,"tn-agri-236, tn-agri-237"
"TNAU banana potassium deficiency — bunch filling, leaf edge burn, K dose",http://agritech.tnau.ac.in/horticulture/plant_nutri/banana_pota.html,Extension Portal,fertilizer — banana,"tn-agri-238, tn-agri-239"
"TNAU chilli fertigation — drip NPK schedule, Ca/Mg for fruit set, boron spray",http://agritech.tnau.ac.in/horticulture/horti_vegetables_chilli_fertigation.html,Extension Portal,fertilizer — chilli,"tn-agri-240, tn-agri-241"
"TNAU coconut fertilizer — NPK schedule by age, green manure, potash timing",http://agritech.tnau.ac.in/horticulture/horti_plantation_fert_coconut.html,Extension Portal,fertilizer — coconut,"tn-agri-242, tn-agri-243"
"TNAU onion fertilizer — NPK splits, sulphur application, fertigation",http://agritech.tnau.ac.in/horticulture/horti_veg_fert_onion.html,Extension Portal,fertilizer — onion,"tn-agri-244, tn-agri-245"
"TNAU micronutrient management for rice — zinc deficiency, boron, soil application",http://agritech.tnau.ac.in/agriculture/agri_min_nutri.html,Extension Portal,fertilizer — rice,"tn-agri-246, tn-agri-247"
"TNAU tomato calcium management — blossom end rot, foliar spray, soil pH link",http://agritech.tnau.ac.in/horticulture/plant_nutri/tomato_cal.html,Extension Portal,fertilizer — tomato,"tn-agri-248, tn-agri-249"
"TNAU tomato nitrogen management — deficiency symptoms, top-dress timing",http://agritech.tnau.ac.in/horticulture/plant_nutri/tomato_nitro.html,Extension Portal,fertilizer — tomato,"tn-agri-250, tn-agri-251"
"TNAU turmeric fertilizer schedule — NPK split doses, FYM, Erode context",http://agritech.tnau.ac.in/horticulture/horti_spice_fert_turmeric.html,Extension Portal,fertilizer — turmeric,"tn-agri-252, tn-agri-253"
"TNAU fishery — inland fish, shrimp, pond management, water quality",http://agritech.tnau.ac.in/fishery/fish_index.html,Extension Portal,aquaculture — all,"tn-agri-254, tn-agri-255"
"TNAU government schemes — PM-KISAN, KCC, FPO, crop insurance overview",http://agritech.tnau.ac.in/govt_schemes_services/govt_serv_schems.html,Extension Portal,market_price — all,"tn-agri-256, tn-agri-257"
TNAU horticulture plant protection — cross-crop pest management overview,http://agritech.tnau.ac.in/horticulture/horti_plantprotection_pest.html,Extension Portal,pest_control — all,"tn-agri-258, tn-agri-259"
"TNAU Kisan Call Centre — 1800-180-1551, query categories, escalation",http://agritech.tnau.ac.in/kisan/kisan.html,Extension Portal,government_schemes — all,"tn-agri-260, tn-agri-261"
"TNAU KVK — district-level extension, soil testing, training programmes",http://agritech.tnau.ac.in/kvk/kvk.html,Extension Portal,government_schemes — all,"tn-agri-262, tn-agri-263"
"TNAU micro irrigation schemes — drip subsidy, sprinkler, government support",http://agritech.tnau.ac.in/horticulture/horti_schemes_microirrigation.html,Extension Portal,irrigation — all,"tn-agri-264, tn-agri-265"
TNAU MSP page — minimum support prices for major crops,http://agritech.tnau.ac.in/msp.html,Extension Portal,market_price — all,"tn-agri-266, tn-agri-267"
"TNAU onion — purple blotch, thrips, downy mildew, basal rot",http://agritech.tnau.ac.in/horticulture/horti_vegetables_bellaryonion.html,Extension Portal,crop_disease — onion,"tn-agri-268, tn-agri-269"
"TNAU organic farming — Panchagavya, vermicompost, green manure rates",http://agritech.tnau.ac.in/org_farm/orgfarm_index.html,Extension Portal,fertilizer — all,"tn-agri-270, tn-agri-271"
"TNAU papaya — mealybug, papaya ring spot virus, fruit fly management",http://agritech.tnau.ac.in/horticulture/horti_fruits_papaya.html,Extension Portal,pest_control — papaya,"tn-agri-272, tn-agri-273"
"TNAU rice blast — leaf blast vs neck blast, symptoms, fungicide schedule",http://agritech.tnau.ac.in/crop_protection/rice_diseases/rice_1.html,Extension Portal,crop_disease — rice,"tn-agri-274, tn-agri-275"
"TNAU bacterial leaf blight — kresek phase, yellowing, copper bactericide",http://agritech.tnau.ac.in/crop_protection/rice_diseases/rice_3.html,Extension Portal,crop_disease — rice,"tn-agri-276, tn-agri-277"
"TNAU rice brown spot — Helminthosporium, symptoms, management",http://agritech.tnau.ac.in/crop_protection/rice_diseases/rice_2.html,Extension Portal,crop_disease — rice,"tn-agri-278, tn-agri-279"
"TNAU rice false smut — flowering stage, propiconazole, seed treatment",http://agritech.tnau.ac.in/crop_protection/rice_diseases/rice_7.html,Extension Portal,crop_disease — rice,"tn-agri-280, tn-agri-281"
"TNAU rice grain discolouration — harvest stage, storage, causes",http://agritech.tnau.ac.in/crop_protection/rice_diseases/rice_13.html,Extension Portal,crop_disease — rice,"tn-agri-282, tn-agri-283"
"TNAU rice sheath blight — Rhizoctonia, humid conditions, validamycin",http://agritech.tnau.ac.in/crop_protection/rice_diseases/rice_6.html,Extension Portal,crop_disease — rice,"tn-agri-284, tn-agri-285"
"TNAU rice seasons and varieties — kuruvai/samba/thaladi windows, districts, variety selection",http://agritech.tnau.ac.in/agriculture/agri_seasonandvarieties_rice.html,Extension Portal,weather_advisory — rice,"tn-agri-286, tn-agri-287"
"TNAU sericulture — silkworm rearing, mulberry cultivation, disease management",http://agritech.tnau.ac.in/sericulture/seri_index.html,Extension Portal,sericulture — silkworm,"tn-agri-288, tn-agri-289"
"TNAU sustainable agriculture — soil health cards, organic inputs, SRI",http://agritech.tnau.ac.in/sustainable_agri/susagri.html,Extension Portal,soil_health — all,"tn-agri-290, tn-agri-291"
"TNAU tomato cultural practices — early blight, late blight, wilt management",http://agritech.tnau.ac.in/horticulture/horti_vegetables_tomato_cultural%20practices.html,Extension Portal,crop_disease — tomato,"tn-agri-292, tn-agri-293"
"TNAU tomato irrigation — critical stages, drip scheduling, water stress signs",http://agritech.tnau.ac.in/horticulture/horti_vegetables_tomato_irrigation.html,Extension Portal,irrigation — tomato,"tn-agri-294, tn-agri-295"
TNAU tomato fertigation and integrated pest management,http://agritech.tnau.ac.in/horticulture/horti_vegetables_tomato_fertigation.html,Extension Portal,pest_control — tomato,"tn-agri-296, tn-agri-297"
"TNAU tomato varieties — days to harvest, yield, disease resistance",http://agritech.tnau.ac.in/horticulture/horti_vegetables_tomato_varieties.html,Extension Portal,harvest_timing — tomato,"tn-agri-298, tn-agri-299"
"TNAU turmeric — leaf blotch, rhizome rot, leaf spot — Erode context",http://agritech.tnau.ac.in/horticulture/horti_spice%20crops_turmeric.html,Extension Portal,crop_disease — turmeric,"tn-agri-300, tn-agri-301"
"TNAU turmeric harvest — maturity indicators, curing, boiling, polishing",http://agritech.tnau.ac.in/horticulture/horti_spice_turmeric_harvest.html,Extension Portal,harvest_timing — turmeric,"tn-agri-302, tn-agri-303"
"TNAU turmeric manuring and irrigation — sprinkler vs flood, water requirement",http://agritech.tnau.ac.in/horticulture/horti_spice_turmeric_manuring.html,Extension Portal,irrigation — turmeric,"tn-agri-304, tn-agri-305"
"TNAU turmeric soil requirements — loamy, well-drained, pH 5.5-7.0",http://agritech.tnau.ac.in/horticulture/horti_spice_turmeric_soil.html,Extension Portal,soil_health — turmeric,"tn-agri-306, tn-agri-307"
"TNAU turmeric soil — drainage in heavy rain, raised bed, waterlogging prevention",http://agritech.tnau.ac.in/horticulture/horti_spice_turmeric_soil.html,Extension Portal,weather_advisory — turmeric,"tn-agri-308, tn-agri-309"
"TNAU women in agriculture — SHG, Mahalir Thittam, land rights, NABARD schemes",http://agritech.tnau.ac.in/women_in_agri/women_empowerment.html,Extension Portal,government_schemes — all,"tn-agri-310, tn-agri-311"
"TANUVAS Kancheepuram — dairy farming, goat, poultry, mineral mixture, vaccination schedule, deworming",https://tanuvas.ac.in/ftc_kancheepuram.php,Manual Download,livestock_dairy — cattle,"tn-agri-312, tn-agri-313, tn-agri-314, tn-agri-315, tn-agri-316, tn-agri-317, tn-agri-318"
"TANUVAS Thiruvarur — goat farming, PPR vaccination, bloat, sheep, native chicken, oral pellet vaccine",https://www.tanuvas.ac.in/ftc_thrvr.php,Manual Download,livestock_goat — goat,"tn-agri-319, tn-agri-320, tn-agri-321, tn-agri-322, tn-agri-323, tn-agri-324, tn-agri-325"
"TANUVAS Theni — dairy cattle, goat farming, poultry, disease investigation, FPO livestock, bankable projects",https://tanuvas.ac.in/ftc_theni.php,Manual Download,livestock_dairy — cattle,"tn-agri-326, tn-agri-327, tn-agri-328, tn-agri-329, tn-agri-330, tn-agri-331, tn-agri-332, tn-agri-333"
"TANUVAS Nagercoil — livestock advisory, poultry, goat, vaccination, post-mortem, Kanyakumari district",https://www.tanuvas.ac.in/utrc_ngcl.php,Manual Download,livestock_dairy — cattle,"tn-agri-334, tn-agri-335, tn-agri-336"
"TANUVAS overview — extension programmes, training, livestock diseases, PPR, mastitis, mineral mixtures",https://tanuvas.ac.in/,Manual Download,livestock_dairy — cattle,"tn-agri-337, tn-agri-338, tn-agri-339, tn-agri-340, tn-agri-341, tn-agri-342"
"TNAU rice seasons and varieties — kuruvai/samba/thaladi windows, recommended varieties by district",http://agritech.tnau.ac.in/agriculture/agri_seasonandvarieties_rice.html,Manual Download,crop_management — rice,"tn-agri-343, tn-agri-344, tn-agri-345, tn-agri-346, tn-agri-347, tn-agri-348, tn-agri-349, tn-agri-350, tn-agri-351, tn-agri-352"
"TNAU sorghum seasons and varieties — kharif sowing windows, drought-tolerant varieties, Coimbatore",http://agritech.tnau.ac.in/agriculture/agri_seasonandvarieties_sorghum.html,Manual Download,crop_management — sorghum,"tn-agri-353, tn-agri-354, tn-agri-355, tn-agri-356, tn-agri-357"
"TNAU cotton seasons and varieties — kharif planting, irrigated vs rainfed, Coimbatore, Madurai",http://agritech.tnau.ac.in/agriculture/agri_seasonandvarieties_cotton.html,Manual Download,crop_management — cotton,"tn-agri-358, tn-agri-359, tn-agri-360"
"TNAU pearl millet (cumbu) seasons and varieties — kharif rainfed, dry zone Tamil Nadu",http://agritech.tnau.ac.in/agriculture/agri_seasonandvarieties_pearlmillet.html,Manual Download,crop_management — pearl_millet,"tn-agri-361, tn-agri-362, tn-agri-363, tn-agri-364"
"TNAU gingelly (sesame) seasons and varieties — summer crop, irrigated, oilseed",http://agritech.tnau.ac.in/agriculture/agri_seasonandvarieties_gingelly.html,Manual Download,crop_management — sesame,"tn-agri-365, tn-agri-366, tn-agri-367, tn-agri-368"
"TNAU ragi (finger millet) seasons and varieties — Nilgiris, Coimbatore, kharif sowing",http://agritech.tnau.ac.in/agriculture/agri_seasonandvarieties_ragi.html,Manual Download,crop_management — ragi,"tn-agri-369, tn-agri-370, tn-agri-371"
"TNAU sunflower seasons and varieties — summer oilseed, irrigated, Coimbatore, Madurai",http://agritech.tnau.ac.in/agriculture/agri_seasonandvarieties_sunflower.html,Manual Download,crop_management — sunflower,"tn-agri-372, tn-agri-373, tn-agri-374"
"TNAU sugarcane seasons and varieties — planting calendar, ratoon, Cauvery delta",http://agritech.tnau.ac.in/agriculture/agri_seasonandvarieties_sugarcane.html,Manual Download,crop_management — sugarcane,"tn-agri-375, tn-agri-376, tn-agri-377, tn-agri-378, tn-agri-379, tn-agri-380, tn-agri-381, tn-agri-382"
"TNAU bengalgram (chickpea) seasons and varieties — rabi pulse, rainfed",http://agritech.tnau.ac.in/agriculture/agri_seasonandvarieties_bengalgram.html,Manual Download,crop_management — chickpea,"tn-agri-383, tn-agri-384"
"TNAU soybean seasons and varieties — kharif oilseed, Coimbatore",http://agritech.tnau.ac.in/agriculture/agri_seasonandvarieties_soybean.html,Manual Download,crop_management — soybean,"tn-agri-385, tn-agri-386"
"TNAU samai (little millet) — minor millet, drought tolerant, traditional variety",http://agritech.tnau.ac.in/agriculture/agri_seasonandvarieties_littlemillet.html,Manual Download,crop_management — little_millet,"tn-agri-387, tn-agri-388, tn-agri-389"
"TNAU panivaragu (proso millet) — minor millet, short duration, traditional Tamil Nadu crop",http://agritech.tnau.ac.in/agriculture/agri_seasonandvarieties_prosomillet.html,Manual Download,crop_management — proso_millet,"tn-agri-390, tn-agri-391"
"TNAU tenai (foxtail millet) — minor millet, traditional Tamil Nadu, dry zone",http://agritech.tnau.ac.in/agriculture/agri_seasonandvarieties_foxtailmillet.html,Manual Download,crop_management — foxtail_millet,tn-agri-392
"TNAU varagu (kodo millet) — minor millet, rainfed, traditional Tamil Nadu",http://agritech.tnau.ac.in/agriculture/agri_seasonandvarieties_kodomillet.html,Manual Download,crop_management — kodo_millet,"tn-agri-393, tn-agri-394"
"TNAU safflower seasons and varieties — rabi oilseed, dry zone",http://agritech.tnau.ac.in/agriculture/agri_seasonandvarieties_safflower.html,Manual Download,crop_management — safflower,"tn-agri-395, tn-agri-396"
"TNAU sweet sorghum — biofuel/sugar crop, kharif, ethanol potential",http://agritech.tnau.ac.in/agriculture/agri_seasonandvarieties_sweetsorghum.html,Manual Download,crop_management — sweet_sorghum,tn-agri-397
"TNAU sugarbeet seasons and varieties — saline-tolerant, rabi, alternative sugar crop",http://agritech.tnau.ac.in/agriculture/agri_seasonandvarieties_sugarbeet.html,Manual Download,crop_management — sugarbeet,"tn-agri-398, tn-agri-399, tn-agri-400, tn-agri-401"
TNAU Crop Production Guide — comprehensive agronomic recommendations for major crops in Tamil Nadu,https://agritech.tnau.ac.in/,Manual Download,crop_management — all,"tn-agri-407, tn-agri-408, tn-agri-409, tn-agri-410, tn-agri-411, tn-agri-412, tn-agri-413, tn-agri-414, tn-agri-415, tn-agri-416, tn-agri-417, tn-agri-418, tn-agri-419, tn-agri-420, tn-agri-421, tn-agri-422, tn-agri-423, tn-agri-424, tn-agri-425, tn-agri-426, tn-agri-427, tn-agri-428, tn-agri-429, tn-agri-430, tn-agri-431, tn-agri-432, tn-agri-433, tn-agri-434, tn-agri-435, tn-agri-436, tn-agri-437, tn-agri-438, tn-agri-439, tn-agri-440, tn-agri-441, tn-agri-442, tn-agri-443, tn-agri-444, tn-agri-445, tn-agri-446, tn-agri-447, tn-agri-448, tn-agri-449, tn-agri-450, tn-agri-451, tn-agri-452, tn-agri-453, tn-agri-454, tn-agri-455, tn-agri-456, tn-agri-457, tn-agri-458, tn-agri-459, tn-agri-460, tn-agri-461, tn-agri-462, tn-agri-463, tn-agri-464, tn-agri-465, tn-agri-466, tn-agri-467, tn-agri-468, tn-agri-469, tn-agri-470, tn-agri-471, tn-agri-472, tn-agri-473, tn-agri-474, tn-agri-475, tn-agri-476, tn-agri-477, tn-agri-478, tn-agri-479, tn-agri-480, tn-agri-481, tn-agri-482, tn-agri-483, tn-agri-484, tn-agri-485, tn-agri-486, tn-agri-487, tn-agri-488, tn-agri-489, tn-agri-490, tn-agri-491, tn-agri-492, tn-agri-493, tn-agri-494, tn-agri-495, tn-agri-496, tn-agri-497, tn-agri-498, tn-agri-499, tn-agri-500, tn-agri-501, tn-agri-502, tn-agri-503, tn-agri-504, tn-agri-505, tn-agri-506, tn-agri-507, tn-agri-508, tn-agri-509, tn-agri-510, tn-agri-511, tn-agri-512, tn-agri-513, tn-agri-514, tn-agri-515, tn-agri-516, tn-agri-517, tn-agri-518, tn-agri-519, tn-agri-520, tn-agri-521, tn-agri-522, tn-agri-523, tn-agri-524, tn-agri-525, tn-agri-526, tn-agri-527, tn-agri-528, tn-agri-529, tn-agri-530, tn-agri-531, tn-agri-532, tn-agri-533, tn-agri-534, tn-agri-535, tn-agri-536, tn-agri-537, tn-agri-538, tn-agri-539, tn-agri-540, tn-agri-541, tn-agri-542, tn-agri-543, tn-agri-544, tn-agri-545, tn-agri-546, tn-agri-547, tn-agri-548, tn-agri-549"
"Tamil Nadu Organic Farming — Panchagavya, Jeevamrutham, zero-budget inputs, certification, policy 2023",https://agritech.tnau.ac.in/org_farm/,Manual Download,fertilizer — all,"tn-agri-550, tn-agri-551, tn-agri-552, tn-agri-553, tn-agri-554, tn-agri-555, tn-agri-556, tn-agri-557"
"Tamil Nadu organic farmers guide — success stories, Panchagavya application, compost preparation, zero-budget",https://agritech.tnau.ac.in/org_farm/,Manual Download,fertilizer — all,"tn-agri-558, tn-agri-559, tn-agri-560, tn-agri-561, tn-agri-562, tn-agri-563, tn-agri-564, tn-agri-565, tn-agri-566, tn-agri-567, tn-agri-568, tn-agri-569, tn-agri-570, tn-agri-571, tn-agri-572, tn-agri-573, tn-agri-574, tn-agri-575, tn-agri-576, tn-agri-577, tn-agri-578, tn-agri-579, tn-agri-580, tn-agri-581, tn-agri-582, tn-agri-583, tn-agri-584, tn-agri-585, tn-agri-586, tn-agri-587, tn-agri-588"
"TNAU Horticulture Crop Production Guide 2020 — vegetables, fruits, flowers, spices Tamil Nadu",https://agritech.tnau.ac.in/horticulture/,Manual Download,crop_management — all,"tn-agri-589, tn-agri-590, tn-agri-591, tn-agri-592, tn-agri-593, tn-agri-594, tn-agri-595, tn-agri-596, tn-agri-597, tn-agri-598, tn-agri-599, tn-agri-600, tn-agri-601, tn-agri-602, tn-agri-603, tn-agri-604, tn-agri-605, tn-agri-606, tn-agri-607, tn-agri-608, tn-agri-609, tn-agri-610, tn-agri-611, tn-agri-612, tn-agri-613, tn-agri-614, tn-agri-615, tn-agri-616, tn-agri-617, tn-agri-618, tn-agri-619, tn-agri-620, tn-agri-621, tn-agri-622, tn-agri-623, tn-agri-624, tn-agri-625, tn-agri-626, tn-agri-627, tn-agri-628, tn-agri-629, tn-agri-630, tn-agri-631, tn-agri-632, tn-agri-633, tn-agri-634, tn-agri-635, tn-agri-636, tn-agri-637, tn-agri-638, tn-agri-639, tn-agri-640, tn-agri-641, tn-agri-642, tn-agri-643, tn-agri-644, tn-agri-645, tn-agri-646, tn-agri-647, tn-agri-648, tn-agri-649, tn-agri-650, tn-agri-651, tn-agri-652, tn-agri-653, tn-agri-654, tn-agri-655, tn-agri-656, tn-agri-657, tn-agri-658, tn-agri-659, tn-agri-660, tn-agri-661, tn-agri-662, tn-agri-663, tn-agri-664, tn-agri-665, tn-agri-666, tn-agri-667, tn-agri-668, tn-agri-669, tn-agri-670, tn-agri-671, tn-agri-672, tn-agri-673, tn-agri-674, tn-agri-675, tn-agri-676, tn-agri-677, tn-agri-678, tn-agri-679, tn-agri-680, tn-agri-681, tn-agri-682, tn-agri-683, tn-agri-684, tn-agri-685, tn-agri-686, tn-agri-687, tn-agri-688, tn-agri-689, tn-agri-690, tn-agri-691, tn-agri-692, tn-agri-693, tn-agri-694, tn-agri-695, tn-agri-696, tn-agri-697, tn-agri-698, tn-agri-699, tn-agri-700, tn-agri-701, tn-agri-702, tn-agri-703, tn-agri-704, tn-agri-705, tn-agri-706, tn-agri-707, tn-agri-708, tn-agri-709, tn-agri-710, tn-agri-711, tn-agri-712, tn-agri-713, tn-agri-714, tn-agri-715, tn-agri-716, tn-agri-717, tn-agri-718, tn-agri-719, tn-agri-720, tn-agri-721, tn-agri-722, tn-agri-723, tn-agri-724, tn-agri-725, tn-agri-726, tn-agri-727, tn-agri-728, tn-agri-729, tn-agri-730, tn-agri-731, tn-agri-732, tn-agri-733, tn-agri-734, tn-agri-735, tn-agri-736, tn-agri-737, tn-agri-738, tn-agri-739, tn-agri-740, tn-agri-741, tn-agri-742, tn-agri-743, tn-agri-744"
"Tamil Nadu Government Class 12 Agricultural Practices textbook — curriculum-grounded, bilingual, covers all major crops and farming systems",https://www.tnschools.gov.in/,Manual Download,crop_management — all,"tn-agri-745, tn-agri-746, tn-agri-747, tn-agri-748, tn-agri-749, tn-agri-750, tn-agri-751, tn-agri-752, tn-agri-753, tn-agri-754, tn-agri-755, tn-agri-756, tn-agri-757, tn-agri-758, tn-agri-759, tn-agri-760, tn-agri-761, tn-agri-762, tn-agri-763, tn-agri-764, tn-agri-765, tn-agri-766, tn-agri-767, tn-agri-768, tn-agri-769, tn-agri-770, tn-agri-771, tn-agri-772, tn-agri-773, tn-agri-774, tn-agri-775, tn-agri-776, tn-agri-777, tn-agri-778, tn-agri-779, tn-agri-780, tn-agri-781, tn-agri-782, tn-agri-783, tn-agri-784, tn-agri-785, tn-agri-786, tn-agri-787, tn-agri-788, tn-agri-789, tn-agri-790, tn-agri-791, tn-agri-792, tn-agri-793, tn-agri-794, tn-agri-795, tn-agri-796, tn-agri-797, tn-agri-798, tn-agri-799, tn-agri-800, tn-agri-801, tn-agri-802, tn-agri-803, tn-agri-804, tn-agri-805, tn-agri-806, tn-agri-807, tn-agri-808, tn-agri-809, tn-agri-810, tn-agri-811, tn-agri-812, tn-agri-813, tn-agri-814, tn-agri-815, tn-agri-816, tn-agri-817, tn-agri-818, tn-agri-819, tn-agri-820, tn-agri-821, tn-agri-822, tn-agri-823, tn-agri-824, tn-agri-825, tn-agri-826, tn-agri-827, tn-agri-828, tn-agri-829, tn-agri-830, tn-agri-831, tn-agri-832, tn-agri-833, tn-agri-834, tn-agri-835, tn-agri-836, tn-agri-837, tn-agri-838, tn-agri-839, tn-agri-840, tn-agri-841, tn-agri-842, tn-agri-843, tn-agri-844, tn-agri-845, tn-agri-846, tn-agri-847, tn-agri-848, tn-agri-849, tn-agri-850, tn-agri-851, tn-agri-852, tn-agri-853, tn-agri-854, tn-agri-855, tn-agri-856, tn-agri-857, tn-agri-858, tn-agri-859, tn-agri-860, tn-agri-861, tn-agri-862, tn-agri-863, tn-agri-864, tn-agri-865, tn-agri-866, tn-agri-867, tn-agri-868, tn-agri-869, tn-agri-870, tn-agri-871, tn-agri-872, tn-agri-873, tn-agri-874, tn-agri-875, tn-agri-876, tn-agri-877, tn-agri-878, tn-agri-879, tn-agri-880, tn-agri-881, tn-agri-882, tn-agri-883, tn-agri-884, tn-agri-885, tn-agri-886, tn-agri-887, tn-agri-888, tn-agri-889, tn-agri-890, tn-agri-891, tn-agri-892, tn-agri-893, tn-agri-894, tn-agri-895, tn-agri-896, tn-agri-897, tn-agri-898"
"ICAR-CRIDA Agricultural Contingency Plan — TN1-Kancheepuram 3.2.2011 district, Tamil Nadu. Drought, flood, delayed monsoon protocols, crop alternatives, livestock advisory.",https://www.icar-crida.res.in/Crop_Contingency_Plan.html,Manual Download,weather_advisory — all,"tn-agri-899, tn-agri-900, tn-agri-901, tn-agri-902, tn-agri-903, tn-agri-904, tn-agri-905, tn-agri-906, tn-agri-907, tn-agri-908, tn-agri-909, tn-agri-910, tn-agri-911, tn-agri-912, tn-agri-913, tn-agri-914, tn-agri-915, tn-agri-916, tn-agri-917, tn-agri-918, tn-agri-919, tn-agri-920, tn-agri-921, tn-agri-922, tn-agri-923, tn-agri-924, tn-agri-925"
"ICAR-CRIDA Agricultural Contingency Plan — TN10-Tiruchirappalli 3.2.2011 district, Tamil Nadu. Drought, flood, delayed monsoon protocols, crop alternatives, livestock advisory.",https://www.icar-crida.res.in/Crop_Contingency_Plan.html,Manual Download,weather_advisory — all,"tn-agri-926, tn-agri-927, tn-agri-928, tn-agri-929, tn-agri-930, tn-agri-931, tn-agri-932, tn-agri-933, tn-agri-934, tn-agri-935, tn-agri-936, tn-agri-937, tn-agri-938, tn-agri-939, tn-agri-940, tn-agri-941, tn-agri-942, tn-agri-943, tn-agri-944, tn-agri-945, tn-agri-946, tn-agri-947, tn-agri-948, tn-agri-949, tn-agri-950, tn-agri-951, tn-agri-952, tn-agri-953, tn-agri-954, tn-agri-955, tn-agri-956, tn-agri-957, tn-agri-958, tn-agri-959, tn-agri-960"
"ICAR-CRIDA Agricultural Contingency Plan — TN12-Thirunelveli 3.2.2011 district, Tamil Nadu. Drought, flood, delayed monsoon protocols, crop alternatives, livestock advisory.",https://www.icar-crida.res.in/Crop_Contingency_Plan.html,Manual Download,weather_advisory — all,"tn-agri-961, tn-agri-962, tn-agri-963, tn-agri-964, tn-agri-965, tn-agri-966, tn-agri-967, tn-agri-968, tn-agri-969, tn-agri-970, tn-agri-971, tn-agri-972, tn-agri-973, tn-agri-974, tn-agri-975, tn-agri-976, tn-agri-977, tn-agri-978, tn-agri-979, tn-agri-980, tn-agri-981, tn-agri-982, tn-agri-983, tn-agri-984, tn-agri-985, tn-agri-986, tn-agri-987, tn-agri-988, tn-agri-989, tn-agri-990, tn-agri-991, tn-agri-992, tn-agri-993, tn-agri-994, tn-agri-995, tn-agri-996, tn-agri-997, tn-agri-998, tn-agri-999, tn-agri-1000, tn-agri-1001, tn-agri-1002"
"ICAR-CRIDA Agricultural Contingency Plan — TN13-Thoothukudi3.2.2011 district, Tamil Nadu. Drought, flood, delayed monsoon protocols, crop alternatives, livestock advisory.",https://www.icar-crida.res.in/Crop_Contingency_Plan.html,Manual Download,weather_advisory — all,"tn-agri-1003, tn-agri-1004, tn-agri-1005, tn-agri-1006, tn-agri-1007, tn-agri-1008, tn-agri-1009, tn-agri-1010, tn-agri-1011, tn-agri-1012, tn-agri-1013, tn-agri-1014, tn-agri-1015, tn-agri-1016, tn-agri-1017, tn-agri-1018, tn-agri-1019, tn-agri-1020, tn-agri-1021, tn-agri-1022, tn-agri-1023, tn-agri-1024, tn-agri-1025, tn-agri-1026, tn-agri-1027, tn-agri-1028, tn-agri-1029, tn-agri-1030, tn-agri-1031, tn-agri-1032, tn-agri-1033, tn-agri-1034, tn-agri-1035"
"ICAR-CRIDA Agricultural Contingency Plan — TN14-Thiruvarur 3.2.2011 district, Tamil Nadu. Drought, flood, delayed monsoon protocols, crop alternatives, livestock advisory.",https://www.icar-crida.res.in/Crop_Contingency_Plan.html,Manual Download,weather_advisory — all,"tn-agri-1036, tn-agri-1037, tn-agri-1038, tn-agri-1039, tn-agri-1040, tn-agri-1041, tn-agri-1042, tn-agri-1043, tn-agri-1044, tn-agri-1045, tn-agri-1046, tn-agri-1047, tn-agri-1048, tn-agri-1049, tn-agri-1050, tn-agri-1051, tn-agri-1052, tn-agri-1053, tn-agri-1054"
"ICAR-CRIDA Agricultural Contingency Plan — TN15-.Tiruppur 3.2.2011 district, Tamil Nadu. Drought, flood, delayed monsoon protocols, crop alternatives, livestock advisory.",https://www.icar-crida.res.in/Crop_Contingency_Plan.html,Manual Download,weather_advisory — all,"tn-agri-1055, tn-agri-1056, tn-agri-1057, tn-agri-1058, tn-agri-1059, tn-agri-1060, tn-agri-1061, tn-agri-1062, tn-agri-1063, tn-agri-1064, tn-agri-1065, tn-agri-1066, tn-agri-1067, tn-agri-1068, tn-agri-1069, tn-agri-1070, tn-agri-1071, tn-agri-1072, tn-agri-1073"
"ICAR-CRIDA Agricultural Contingency Plan — TN16-Thiruvannamalai 3.2.2011 district, Tamil Nadu. Drought, flood, delayed monsoon protocols, crop alternatives, livestock advisory.",https://www.icar-crida.res.in/Crop_Contingency_Plan.html,Manual Download,weather_advisory — all,"tn-agri-1074, tn-agri-1075, tn-agri-1076, tn-agri-1077, tn-agri-1078, tn-agri-1079, tn-agri-1080, tn-agri-1081, tn-agri-1082, tn-agri-1083, tn-agri-1084, tn-agri-1085, tn-agri-1086, tn-agri-1087, tn-agri-1088, tn-agri-1089, tn-agri-1090, tn-agri-1091, tn-agri-1092, tn-agri-1093, tn-agri-1094, tn-agri-1095, tn-agri-1096, tn-agri-1097, tn-agri-1098, tn-agri-1099, tn-agri-1100, tn-agri-1101, tn-agri-1102, tn-agri-1103, tn-agri-1104, tn-agri-1105, tn-agri-1106"
"ICAR-CRIDA Agricultural Contingency Plan — TN17-Krishnagiri 3.2.2011 district, Tamil Nadu. Drought, flood, delayed monsoon protocols, crop alternatives, livestock advisory.",https://www.icar-crida.res.in/Crop_Contingency_Plan.html,Manual Download,weather_advisory — all,"tn-agri-1107, tn-agri-1108, tn-agri-1109, tn-agri-1110, tn-agri-1111, tn-agri-1112, tn-agri-1113, tn-agri-1114, tn-agri-1115, tn-agri-1116, tn-agri-1117, tn-agri-1118, tn-agri-1119, tn-agri-1120, tn-agri-1121, tn-agri-1122, tn-agri-1123"
"ICAR-CRIDA Agricultural Contingency Plan — TN19-DHARMAPURI 31.03.2011 district, Tamil Nadu. Drought, flood, delayed monsoon protocols, crop alternatives, livestock advisory.",https://www.icar-crida.res.in/Crop_Contingency_Plan.html,Manual Download,weather_advisory — all,"tn-agri-1124, tn-agri-1125, tn-agri-1126, tn-agri-1127, tn-agri-1128, tn-agri-1129, tn-agri-1130, tn-agri-1131, tn-agri-1132, tn-agri-1133, tn-agri-1134, tn-agri-1135, tn-agri-1136, tn-agri-1137, tn-agri-1138, tn-agri-1139, tn-agri-1140, tn-agri-1141, tn-agri-1142, tn-agri-1143, tn-agri-1144, tn-agri-1145, tn-agri-1146, tn-agri-1147, tn-agri-1148, tn-agri-1149, tn-agri-1150, tn-agri-1151, tn-agri-1152, tn-agri-1153, tn-agri-1154"
"ICAR-CRIDA Agricultural Contingency Plan — TN2-Thiruvallur 3.2.2011 district, Tamil Nadu. Drought, flood, delayed monsoon protocols, crop alternatives, livestock advisory.",https://www.icar-crida.res.in/Crop_Contingency_Plan.html,Manual Download,weather_advisory — all,"tn-agri-1155, tn-agri-1156, tn-agri-1157, tn-agri-1158, tn-agri-1159, tn-agri-1160, tn-agri-1161, tn-agri-1162, tn-agri-1163, tn-agri-1164, tn-agri-1165, tn-agri-1166, tn-agri-1167, tn-agri-1168, tn-agri-1169, tn-agri-1170, tn-agri-1171, tn-agri-1172, tn-agri-1173, tn-agri-1174, tn-agri-1175, tn-agri-1176, tn-agri-1177, tn-agri-1178, tn-agri-1179, tn-agri-1180, tn-agri-1181, tn-agri-1182, tn-agri-1183, tn-agri-1184, tn-agri-1185, tn-agri-1186, tn-agri-1187"
"ICAR-CRIDA Agricultural Contingency Plan — TN20-KANYAKUMARI 31.3.3011 district, Tamil Nadu. Drought, flood, delayed monsoon protocols, crop alternatives, livestock advisory.",https://www.icar-crida.res.in/Crop_Contingency_Plan.html,Manual Download,weather_advisory — all,"tn-agri-1188, tn-agri-1189, tn-agri-1190, tn-agri-1191, tn-agri-1192, tn-agri-1193, tn-agri-1194, tn-agri-1195, tn-agri-1196, tn-agri-1197, tn-agri-1198, tn-agri-1199, tn-agri-1200, tn-agri-1201, tn-agri-1202, tn-agri-1203, tn-agri-1204, tn-agri-1205, tn-agri-1206, tn-agri-1207, tn-agri-1208, tn-agri-1209"
"ICAR-CRIDA Agricultural Contingency Plan — TN21-MADURAI  31.3.2011 district, Tamil Nadu. Drought, flood, delayed monsoon protocols, crop alternatives, livestock advisory.",https://www.icar-crida.res.in/Crop_Contingency_Plan.html,Manual Download,weather_advisory — all,"tn-agri-1210, tn-agri-1211, tn-agri-1212, tn-agri-1213, tn-agri-1214, tn-agri-1215, tn-agri-1216, tn-agri-1217, tn-agri-1218, tn-agri-1219, tn-agri-1220, tn-agri-1221, tn-agri-1222, tn-agri-1223, tn-agri-1224, tn-agri-1225, tn-agri-1226, tn-agri-1227, tn-agri-1228, tn-agri-1229, tn-agri-1230, tn-agri-1231, tn-agri-1232, tn-agri-1233, tn-agri-1234, tn-agri-1235, tn-agri-1236, tn-agri-1237, tn-agri-1238, tn-agri-1239, tn-agri-1240, tn-agri-1241, tn-agri-1242, tn-agri-1243"
"ICAR-CRIDA Agricultural Contingency Plan — TN22-NAGAPATTINAM 31.3.2011 district, Tamil Nadu. Drought, flood, delayed monsoon protocols, crop alternatives, livestock advisory.",https://www.icar-crida.res.in/Crop_Contingency_Plan.html,Manual Download,weather_advisory — all,"tn-agri-1244, tn-agri-1245, tn-agri-1246, tn-agri-1247, tn-agri-1248, tn-agri-1249, tn-agri-1250, tn-agri-1251, tn-agri-1252, tn-agri-1253, tn-agri-1254, tn-agri-1255, tn-agri-1256, tn-agri-1257, tn-agri-1258, tn-agri-1259, tn-agri-1260, tn-agri-1261, tn-agri-1262, tn-agri-1263, tn-agri-1264, tn-agri-1265, tn-agri-1266, tn-agri-1267"
"ICAR-CRIDA Agricultural Contingency Plan — TN23-NAMAKKAL 31.03.2011 district, Tamil Nadu. Drought, flood, delayed monsoon protocols, crop alternatives, livestock advisory.",https://www.icar-crida.res.in/Crop_Contingency_Plan.html,Manual Download,weather_advisory — all,"tn-agri-1268, tn-agri-1269, tn-agri-1270, tn-agri-1271, tn-agri-1272, tn-agri-1273, tn-agri-1274, tn-agri-1275, tn-agri-1276, tn-agri-1277, tn-agri-1278, tn-agri-1279, tn-agri-1280, tn-agri-1281, tn-agri-1282, tn-agri-1283, tn-agri-1284, tn-agri-1285, tn-agri-1286, tn-agri-1287, tn-agri-1288, tn-agri-1289, tn-agri-1290, tn-agri-1291, tn-agri-1292, tn-agri-1293, tn-agri-1294, tn-agri-1295, tn-agri-1296, tn-agri-1297, tn-agri-1298"
"ICAR-CRIDA Agricultural Contingency Plan — TN24-NILGIRIS 31.3.2011 district, Tamil Nadu. Drought, flood, delayed monsoon protocols, crop alternatives, livestock advisory.",https://www.icar-crida.res.in/Crop_Contingency_Plan.html,Manual Download,weather_advisory — all,"tn-agri-1299, tn-agri-1300, tn-agri-1301, tn-agri-1302, tn-agri-1303, tn-agri-1304, tn-agri-1305, tn-agri-1306, tn-agri-1307, tn-agri-1308, tn-agri-1309, tn-agri-1310, tn-agri-1311, tn-agri-1312, tn-agri-1313, tn-agri-1314, tn-agri-1315, tn-agri-1316, tn-agri-1317, tn-agri-1318, tn-agri-1319, tn-agri-1320, tn-agri-1321, tn-agri-1322, tn-agri-1323, tn-agri-1324, tn-agri-1325, tn-agri-1326, tn-agri-1327, tn-agri-1328, tn-agri-1329, tn-agri-1330, tn-agri-1331, tn-agri-1332, tn-agri-1333, tn-agri-1334, tn-agri-1335"
"ICAR-CRIDA Agricultural Contingency Plan — TN25-PERAMBALUR 31.3.2011 district, Tamil Nadu. Drought, flood, delayed monsoon protocols, crop alternatives, livestock advisory.",https://www.icar-crida.res.in/Crop_Contingency_Plan.html,Manual Download,weather_advisory — all,"tn-agri-1336, tn-agri-1337, tn-agri-1338, tn-agri-1339, tn-agri-1340, tn-agri-1341, tn-agri-1342, tn-agri-1343, tn-agri-1344, tn-agri-1345, tn-agri-1346, tn-agri-1347, tn-agri-1348, tn-agri-1349, tn-agri-1350, tn-agri-1351, tn-agri-1352, tn-agri-1353, tn-agri-1354, tn-agri-1355, tn-agri-1356, tn-agri-1357, tn-agri-1358, tn-agri-1359"
"ICAR-CRIDA Agricultural Contingency Plan — TN26-RAMANATHAPURAM 31.3.2011 district, Tamil Nadu. Drought, flood, delayed monsoon protocols, crop alternatives, livestock advisory.",https://www.icar-crida.res.in/Crop_Contingency_Plan.html,Manual Download,weather_advisory — all,"tn-agri-1360, tn-agri-1361, tn-agri-1362, tn-agri-1363, tn-agri-1364, tn-agri-1365, tn-agri-1366, tn-agri-1367, tn-agri-1368, tn-agri-1369, tn-agri-1370, tn-agri-1371, tn-agri-1372, tn-agri-1373, tn-agri-1374, tn-agri-1375, tn-agri-1376, tn-agri-1377, tn-agri-1378, tn-agri-1379, tn-agri-1380, tn-agri-1381, tn-agri-1382, tn-agri-1383, tn-agri-1384, tn-agri-1385, tn-agri-1386, tn-agri-1387, tn-agri-1388"
"ICAR-CRIDA Agricultural Contingency Plan — TN28-ARIYALUR 31.03.2011 district, Tamil Nadu. Drought, flood, delayed monsoon protocols, crop alternatives, livestock advisory.",https://www.icar-crida.res.in/Crop_Contingency_Plan.html,Manual Download,weather_advisory — all,"tn-agri-1389, tn-agri-1390, tn-agri-1391, tn-agri-1392, tn-agri-1393, tn-agri-1394, tn-agri-1395, tn-agri-1396, tn-agri-1397, tn-agri-1398, tn-agri-1399, tn-agri-1400, tn-agri-1401, tn-agri-1402, tn-agri-1403, tn-agri-1404, tn-agri-1405, tn-agri-1406, tn-agri-1407, tn-agri-1408, tn-agri-1409, tn-agri-1410, tn-agri-1411, tn-agri-1412, tn-agri-1413, tn-agri-1414"
"ICAR-CRIDA Agricultural Contingency Plan — TN29-SIVAGANGAI 31.03.2011 district, Tamil Nadu. Drought, flood, delayed monsoon protocols, crop alternatives, livestock advisory.",https://www.icar-crida.res.in/Crop_Contingency_Plan.html,Manual Download,weather_advisory — all,"tn-agri-1415, tn-agri-1416, tn-agri-1417, tn-agri-1418, tn-agri-1419, tn-agri-1420, tn-agri-1421, tn-agri-1422, tn-agri-1423, tn-agri-1424, tn-agri-1425, tn-agri-1426, tn-agri-1427, tn-agri-1428, tn-agri-1429, tn-agri-1430, tn-agri-1431, tn-agri-1432, tn-agri-1433, tn-agri-1434, tn-agri-1435, tn-agri-1436, tn-agri-1437, tn-agri-1438, tn-agri-1439, tn-agri-1440, tn-agri-1441, tn-agri-1442, tn-agri-1443, tn-agri-1444, tn-agri-1445, tn-agri-1446, tn-agri-1447, tn-agri-1448"
"ICAR-CRIDA Agricultural Contingency Plan — TN3-Vellore 3-2-2011 district, Tamil Nadu. Drought, flood, delayed monsoon protocols, crop alternatives, livestock advisory.",https://www.icar-crida.res.in/Crop_Contingency_Plan.html,Manual Download,weather_advisory — all,"tn-agri-1449, tn-agri-1450, tn-agri-1451, tn-agri-1452, tn-agri-1453, tn-agri-1454, tn-agri-1455, tn-agri-1456, tn-agri-1457, tn-agri-1458, tn-agri-1459, tn-agri-1460, tn-agri-1461, tn-agri-1462, tn-agri-1463, tn-agri-1464, tn-agri-1465, tn-agri-1466, tn-agri-1467, tn-agri-1468, tn-agri-1469, tn-agri-1470, tn-agri-1471, tn-agri-1472, tn-agri-1473, tn-agri-1474"
"ICAR-CRIDA Agricultural Contingency Plan — TN30-VILUPPURAM 31.03.2011 district, Tamil Nadu. Drought, flood, delayed monsoon protocols, crop alternatives, livestock advisory.",https://www.icar-crida.res.in/Crop_Contingency_Plan.html,Manual Download,weather_advisory — all,"tn-agri-1475, tn-agri-1476, tn-agri-1477, tn-agri-1478, tn-agri-1479, tn-agri-1480, tn-agri-1481, tn-agri-1482, tn-agri-1483, tn-agri-1484, tn-agri-1485, tn-agri-1486, tn-agri-1487, tn-agri-1488, tn-agri-1489, tn-agri-1490, tn-agri-1491, tn-agri-1492, tn-agri-1493, tn-agri-1494, tn-agri-1495, tn-agri-1496, tn-agri-1497, tn-agri-1498, tn-agri-1499, tn-agri-1500, tn-agri-1501, tn-agri-1502, tn-agri-1503, tn-agri-1504"
"ICAR-CRIDA Agricultural Contingency Plan — TN31-VIRUDHUNAGAR 31.03.2011 district, Tamil Nadu. Drought, flood, delayed monsoon protocols, crop alternatives, livestock advisory.",https://www.icar-crida.res.in/Crop_Contingency_Plan.html,Manual Download,weather_advisory — all,"tn-agri-1505, tn-agri-1506, tn-agri-1507, tn-agri-1508, tn-agri-1509, tn-agri-1510, tn-agri-1511, tn-agri-1512, tn-agri-1513, tn-agri-1514, tn-agri-1515, tn-agri-1516, tn-agri-1517, tn-agri-1518, tn-agri-1519, tn-agri-1520, tn-agri-1521, tn-agri-1522, tn-agri-1523, tn-agri-1524, tn-agri-1525, tn-agri-1526, tn-agri-1527, tn-agri-1528, tn-agri-1529, tn-agri-1530, tn-agri-1531, tn-agri-1532"
"ICAR-CRIDA Agricultural Contingency Plan — TN4-Cuddalore 1-2-2011 district, Tamil Nadu. Drought, flood, delayed monsoon protocols, crop alternatives, livestock advisory.",https://www.icar-crida.res.in/Crop_Contingency_Plan.html,Manual Download,weather_advisory — all,"tn-agri-1533, tn-agri-1534, tn-agri-1535, tn-agri-1536, tn-agri-1537, tn-agri-1538, tn-agri-1539, tn-agri-1540, tn-agri-1541, tn-agri-1542, tn-agri-1543, tn-agri-1544, tn-agri-1545, tn-agri-1546, tn-agri-1547, tn-agri-1548, tn-agri-1549, tn-agri-1550, tn-agri-1551, tn-agri-1552, tn-agri-1553, tn-agri-1554, tn-agri-1555, tn-agri-1556, tn-agri-1557, tn-agri-1558, tn-agri-1559, tn-agri-1560, tn-agri-1561"
"ICAR-CRIDA Agricultural Contingency Plan — TN7-Dindigul 3.2.2011 district, Tamil Nadu. Drought, flood, delayed monsoon protocols, crop alternatives, livestock advisory.",https://www.icar-crida.res.in/Crop_Contingency_Plan.html,Manual Download,weather_advisory — all,"tn-agri-1562, tn-agri-1563, tn-agri-1564, tn-agri-1565, tn-agri-1566, tn-agri-1567, tn-agri-1568, tn-agri-1569, tn-agri-1570, tn-agri-1571, tn-agri-1572, tn-agri-1573, tn-agri-1574, tn-agri-1575, tn-agri-1576, tn-agri-1577, tn-agri-1578, tn-agri-1579, tn-agri-1580, tn-agri-1581, tn-agri-1582, tn-agri-1583, tn-agri-1584, tn-agri-1585, tn-agri-1586, tn-agri-1587, tn-agri-1588, tn-agri-1589, tn-agri-1590"
"ICAR-CRIDA Agricultural Contingency Plan — TN8-Theni 3.2.2011 district, Tamil Nadu. Drought, flood, delayed monsoon protocols, crop alternatives, livestock advisory.",https://www.icar-crida.res.in/Crop_Contingency_Plan.html,Manual Download,weather_advisory — all,"tn-agri-1591, tn-agri-1592, tn-agri-1593, tn-agri-1594, tn-agri-1595, tn-agri-1596, tn-agri-1597, tn-agri-1598, tn-agri-1599, tn-agri-1600, tn-agri-1601, tn-agri-1602, tn-agri-1603, tn-agri-1604, tn-agri-1605"
"ICAR-CRIDA Agricultural Contingency Plan — TN9-Thanjavur 3.2.2011 district, Tamil Nadu. Drought, flood, delayed monsoon protocols, crop alternatives, livestock advisory.",https://www.icar-crida.res.in/Crop_Contingency_Plan.html,Manual Download,weather_advisory — all,"tn-agri-1606, tn-agri-1607, tn-agri-1608, tn-agri-1609, tn-agri-1610, tn-agri-1611, tn-agri-1612, tn-agri-1613, tn-agri-1614, tn-agri-1615, tn-agri-1616, tn-agri-1617, tn-agri-1618, tn-agri-1619, tn-agri-1620, tn-agri-1621, tn-agri-1622, tn-agri-1623, tn-agri-1624, tn-agri-1625, tn-agri-1626, tn-agri-1627, tn-agri-1628, tn-agri-1629, tn-agri-1630, tn-agri-1631"
"ICAR-CRIDA Agricultural Contingency Plan — icar_contingency_coimbatore district, Tamil Nadu. Drought, flood, delayed monsoon protocols, crop alternatives, livestock advisory.",https://www.icar-crida.res.in/Crop_Contingency_Plan.html,Manual Download,weather_advisory — all,"tn-agri-1632, tn-agri-1633, tn-agri-1634, tn-agri-1635, tn-agri-1636, tn-agri-1637, tn-agri-1638, tn-agri-1639, tn-agri-1640, tn-agri-1641, tn-agri-1642, tn-agri-1643, tn-agri-1644, tn-agri-1645, tn-agri-1646, tn-agri-1647, tn-agri-1648, tn-agri-1649, tn-agri-1650"
"ICAR-CRIDA Agricultural Contingency Plan — icar_contingency_erode district, Tamil Nadu. Drought, flood, delayed monsoon protocols, crop alternatives, livestock advisory.",https://www.icar-crida.res.in/Crop_Contingency_Plan.html,Manual Download,weather_advisory — all,"tn-agri-1651, tn-agri-1652, tn-agri-1653, tn-agri-1654, tn-agri-1655, tn-agri-1656, tn-agri-1657, tn-agri-1658, tn-agri-1659, tn-agri-1660, tn-agri-1661, tn-agri-1662, tn-agri-1663, tn-agri-1664, tn-agri-1665, tn-agri-1666, tn-agri-1667, tn-agri-1668, tn-agri-1669, tn-agri-1670, tn-agri-1671, tn-agri-1672, tn-agri-1673"
"ICAR-CRIDA Agricultural Contingency Plan — icar_contingency_nagapattinam district, Tamil Nadu. Drought, flood, delayed monsoon protocols, crop alternatives, livestock advisory.",https://www.icar-crida.res.in/Crop_Contingency_Plan.html,Manual Download,weather_advisory — all,"tn-agri-1674, tn-agri-1675, tn-agri-1676, tn-agri-1677, tn-agri-1678, tn-agri-1679, tn-agri-1680, tn-agri-1681, tn-agri-1682, tn-agri-1683, tn-agri-1684, tn-agri-1685, tn-agri-1686, tn-agri-1687, tn-agri-1688, tn-agri-1689, tn-agri-1690, tn-agri-1691, tn-agri-1692"
"ICAR-CRIDA Agricultural Contingency Plan — icar_contingency_pudukkottai district, Tamil Nadu. Drought, flood, delayed monsoon protocols, crop alternatives, livestock advisory.",https://www.icar-crida.res.in/Crop_Contingency_Plan.html,Manual Download,weather_advisory — all,"tn-agri-1693, tn-agri-1694, tn-agri-1695, tn-agri-1696, tn-agri-1697, tn-agri-1698, tn-agri-1699, tn-agri-1700, tn-agri-1701, tn-agri-1702, tn-agri-1703, tn-agri-1704, tn-agri-1705, tn-agri-1706, tn-agri-1707, tn-agri-1708, tn-agri-1709, tn-agri-1710, tn-agri-1711, tn-agri-1712, tn-agri-1713"
"ICAR-CRIDA Agricultural Contingency Plan — icar_contingency_salem district, Tamil Nadu. Drought, flood, delayed monsoon protocols, crop alternatives, livestock advisory.",https://www.icar-crida.res.in/Crop_Contingency_Plan.html,Manual Download,weather_advisory — all,"tn-agri-1714, tn-agri-1715, tn-agri-1716, tn-agri-1717, tn-agri-1718, tn-agri-1719, tn-agri-1720, tn-agri-1721, tn-agri-1722, tn-agri-1723, tn-agri-1724, tn-agri-1725, tn-agri-1726, tn-agri-1727, tn-agri-1728, tn-agri-1729, tn-agri-1730, tn-agri-1731, tn-agri-1732, tn-agri-1733"
"ICAR-CRIDA Agricultural Contingency Plan — icar_contingency_thanjavur district, Tamil Nadu. Drought, flood, delayed monsoon protocols, crop alternatives, livestock advisory.",https://www.icar-crida.res.in/Crop_Contingency_Plan.html,Manual Download,weather_advisory — all,"tn-agri-1734, tn-agri-1735, tn-agri-1736, tn-agri-1737, tn-agri-1738, tn-agri-1739, tn-agri-1740, tn-agri-1741, tn-agri-1742, tn-agri-1743, tn-agri-1744, tn-agri-1745, tn-agri-1746, tn-agri-1747, tn-agri-1748, tn-agri-1749, tn-agri-1750, tn-agri-1751, tn-agri-1752, tn-agri-1753, tn-agri-1754, tn-agri-1755, tn-agri-1756"
"Tamil Nadu District Government — Cuddalore Agriculture dept. District crop profile, seed farms, soil testing, farmer training, NADP, NFSM, PMFBY crop insurance, PMKSY irrigation, coconut development, millet promotion schemes.",https://cuddalore.nic.in/,Manual Download,government_schemes — all,"tn-agri-1757, tn-agri-1758, tn-agri-1759, tn-agri-1760, tn-agri-1761"
"Tamil Nadu District Government — Tamil Nadu Animal Husbandry dept. Artificial insemination, A2 milk, chaff cutters, mineral mixture supply, FMD control programme, livestock insurance, fodder development, vaccination schemes.",https://tamilnadu.nic.in/,Manual Download,livestock_dairy — all,"tn-agri-1762, tn-agri-1763, tn-agri-1764, tn-agri-1765, tn-agri-1766, tn-agri-1767, tn-agri-1768"
"Tamil Nadu District Government — Erode Agricultural Engineering dept. Farm machinery subsidy, drip irrigation equipment, custom hiring centre, solar pump schemes.",https://erode.nic.in/,Manual Download,farm_equipment — all,"tn-agri-1769, tn-agri-1770"
"Tamil Nadu District Government — Tirunelveli Agriculture dept. District crop profile, seed farms, soil testing, farmer training, NADP, NFSM, PMFBY crop insurance, PMKSY irrigation, coconut development, millet promotion schemes.",https://tirunelveli.nic.in/,Manual Download,government_schemes — all,"tn-agri-1771, tn-agri-1772, tn-agri-1773, tn-agri-1774, tn-agri-1775, tn-agri-1776, tn-agri-1777"
"Tamil Nadu District Government — Ariyalur Agriculture dept. District crop profile, seed farms, soil testing, farmer training, NADP, NFSM, PMFBY crop insurance, PMKSY irrigation, coconut development, millet promotion schemes.",https://ariyalur.nic.in/,Manual Download,government_schemes — all,"tn-agri-1778, tn-agri-1779, tn-agri-1780, tn-agri-1781, tn-agri-1782, tn-agri-1783, tn-agri-1784, tn-agri-1785, tn-agri-1786, tn-agri-1787, tn-agri-1788, tn-agri-1789, tn-agri-1790, tn-agri-1791, tn-agri-1792"
"Tamil Nadu District Government — Chengalpattu Agriculture dept. District crop profile, seed farms, soil testing, farmer training, NADP, NFSM, PMFBY crop insurance, PMKSY irrigation, coconut development, millet promotion schemes.",https://chengalpattu.nic.in/,Manual Download,government_schemes — all,"tn-agri-1793, tn-agri-1794"
"Tamil Nadu District Government — Coimbatore Agriculture dept. District crop profile, seed farms, soil testing, farmer training, NADP, NFSM, PMFBY crop insurance, PMKSY irrigation, coconut development, millet promotion schemes.",https://coimbatore.nic.in/,Manual Download,government_schemes — all,tn-agri-1795
"Tamil Nadu District Government — Dharmapuri Agriculture dept. District crop profile, seed farms, soil testing, farmer training, NADP, NFSM, PMFBY crop insurance, PMKSY irrigation, coconut development, millet promotion schemes.",https://dharmapuri.nic.in/,Manual Download,government_schemes — all,"tn-agri-1796, tn-agri-1797, tn-agri-1798, tn-agri-1799, tn-agri-1800, tn-agri-1801, tn-agri-1802, tn-agri-1803, tn-agri-1804"
"Tamil Nadu District Government — Erode Agriculture dept. District crop profile, seed farms, soil testing, farmer training, NADP, NFSM, PMFBY crop insurance, PMKSY irrigation, coconut development, millet promotion schemes.",https://erode.nic.in/,Manual Download,government_schemes — all,"tn-agri-1805, tn-agri-1806, tn-agri-1807, tn-agri-1808, tn-agri-1809, tn-agri-1810, tn-agri-1811, tn-agri-1812, tn-agri-1813, tn-agri-1814, tn-agri-1815, tn-agri-1816"
"Tamil Nadu District Government — Kanniyakumari Agriculture dept. District crop profile, seed farms, soil testing, farmer training, NADP, NFSM, PMFBY crop insurance, PMKSY irrigation, coconut development, millet promotion schemes.",https://kanniyakumari.nic.in/,Manual Download,government_schemes — all,"tn-agri-1817, tn-agri-1818, tn-agri-1819, tn-agri-1820, tn-agri-1821, tn-agri-1822, tn-agri-1823, tn-agri-1824, tn-agri-1825, tn-agri-1826, tn-agri-1827, tn-agri-1828, tn-agri-1829, tn-agri-1830, tn-agri-1831, tn-agri-1832, tn-agri-1833, tn-agri-1834, tn-agri-1835, tn-agri-1836, tn-agri-1837, tn-agri-1838, tn-agri-1839, tn-agri-1840, tn-agri-1841, tn-agri-1842"
"Tamil Nadu District Government — Krishnagiri Agriculture dept. District crop profile, seed farms, soil testing, farmer training, NADP, NFSM, PMFBY crop insurance, PMKSY irrigation, coconut development, millet promotion schemes.",https://krishnagiri.nic.in/,Manual Download,government_schemes — all,"tn-agri-1843, tn-agri-1844, tn-agri-1845, tn-agri-1846, tn-agri-1847, tn-agri-1848"
"Tamil Nadu District Government — Madurai Agriculture dept. District crop profile, seed farms, soil testing, farmer training, NADP, NFSM, PMFBY crop insurance, PMKSY irrigation, coconut development, millet promotion schemes.",https://madurai.nic.in/,Manual Download,government_schemes — all,"tn-agri-1849, tn-agri-1850, tn-agri-1851, tn-agri-1852, tn-agri-1853, tn-agri-1854, tn-agri-1855, tn-agri-1856"
"Tamil Nadu District Government — Mayiladuthurai Agriculture dept. District crop profile, seed farms, soil testing, farmer training, NADP, NFSM, PMFBY crop insurance, PMKSY irrigation, coconut development, millet promotion schemes.",https://mayiladuthurai.nic.in/,Manual Download,government_schemes — all,"tn-agri-1857, tn-agri-1858, tn-agri-1859, tn-agri-1860"
"Tamil Nadu District Government — Nagapattinam Agriculture dept. District crop profile, seed farms, soil testing, farmer training, NADP, NFSM, PMFBY crop insurance, PMKSY irrigation, coconut development, millet promotion schemes.",https://nagapattinam.nic.in/,Manual Download,government_schemes — all,tn-agri-1861
"Tamil Nadu District Government — Namakkal Agriculture dept. District crop profile, seed farms, soil testing, farmer training, NADP, NFSM, PMFBY crop insurance, PMKSY irrigation, coconut development, millet promotion schemes.",https://namakkal.nic.in/,Manual Download,government_schemes — all,"tn-agri-1862, tn-agri-1863, tn-agri-1864, tn-agri-1865, tn-agri-1866, tn-agri-1867, tn-agri-1868"
"Tamil Nadu District Government — Ranipet Agriculture dept. District crop profile, seed farms, soil testing, farmer training, NADP, NFSM, PMFBY crop insurance, PMKSY irrigation, coconut development, millet promotion schemes.",https://ranipet.nic.in/,Manual Download,government_schemes — all,"tn-agri-1869, tn-agri-1870, tn-agri-1871, tn-agri-1872, tn-agri-1873, tn-agri-1874, tn-agri-1875, tn-agri-1876, tn-agri-1877, tn-agri-1878, tn-agri-1879, tn-agri-1880, tn-agri-1881, tn-agri-1882, tn-agri-1883, tn-agri-1884, tn-agri-1885, tn-agri-1886, tn-agri-1887"
"Tamil Nadu District Government — Tenkasi Agriculture dept. District crop profile, seed farms, soil testing, farmer training, NADP, NFSM, PMFBY crop insurance, PMKSY irrigation, coconut development, millet promotion schemes.",https://tenkasi.nic.in/,Manual Download,government_schemes — all,"tn-agri-1888, tn-agri-1889, tn-agri-1890, tn-agri-1891, tn-agri-1892, tn-agri-1893, tn-agri-1894, tn-agri-1895"
"Tamil Nadu District Government — Thoothukudi Agriculture dept. District crop profile, seed farms, soil testing, farmer training, NADP, NFSM, PMFBY crop insurance, PMKSY irrigation, coconut development, millet promotion schemes.",https://thoothukudi.nic.in/,Manual Download,government_schemes — all,"tn-agri-1896, tn-agri-1897, tn-agri-1898, tn-agri-1899, tn-agri-1900, tn-agri-1901, tn-agri-1902, tn-agri-1903, tn-agri-1904, tn-agri-1905"
"Tamil Nadu District Government — Tirupathur Agriculture dept. District crop profile, seed farms, soil testing, farmer training, NADP, NFSM, PMFBY crop insurance, PMKSY irrigation, coconut development, millet promotion schemes.",https://tirupathur.nic.in/,Manual Download,government_schemes — all,"tn-agri-1906, tn-agri-1907, tn-agri-1908, tn-agri-1909, tn-agri-1910, tn-agri-1911, tn-agri-1912, tn-agri-1913, tn-agri-1914, tn-agri-1915, tn-agri-1916, tn-agri-1917, tn-agri-1918, tn-agri-1919, tn-agri-1920, tn-agri-1921, tn-agri-1922, tn-agri-1923, tn-agri-1924, tn-agri-1925"
"Tamil Nadu District Government — Tiruppur Agriculture dept. District crop profile, seed farms, soil testing, farmer training, NADP, NFSM, PMFBY crop insurance, PMKSY irrigation, coconut development, millet promotion schemes.",https://tiruppur.nic.in/,Manual Download,government_schemes — all,"tn-agri-1926, tn-agri-1927"
"Tamil Nadu District Government — Vellore Agriculture dept. District crop profile, seed farms, soil testing, farmer training, NADP, NFSM, PMFBY crop insurance, PMKSY irrigation, coconut development, millet promotion schemes.",https://vellore.nic.in/,Manual Download,government_schemes — all,"tn-agri-1928, tn-agri-1929, tn-agri-1930, tn-agri-1931, tn-agri-1932, tn-agri-1933, tn-agri-1934, tn-agri-1935, tn-agri-1936, tn-agri-1937, tn-agri-1938, tn-agri-1939, tn-agri-1940, tn-agri-1941, tn-agri-1942, tn-agri-1943, tn-agri-1944, tn-agri-1945, tn-agri-1946, tn-agri-1947, tn-agri-1948, tn-agri-1949, tn-agri-1950"
"Tamil Nadu District Government — Viluppuram Agriculture dept. District crop profile, seed farms, soil testing, farmer training, NADP, NFSM, PMFBY crop insurance, PMKSY irrigation, coconut development, millet promotion schemes.",https://viluppuram.nic.in/,Manual Download,government_schemes — all,"tn-agri-1951, tn-agri-1952, tn-agri-1953, tn-agri-1954, tn-agri-1955, tn-agri-1956, tn-agri-1957, tn-agri-1958"
"Tamil Nadu District Government — Tiruchirappalli Agriculture dept. District crop profile, seed farms, soil testing, farmer training, NADP, NFSM, PMFBY crop insurance, PMKSY irrigation, coconut development, millet promotion schemes.",https://tiruchirappalli.nic.in/,Manual Download,government_schemes — all,"tn-agri-1959, tn-agri-1960, tn-agri-1961, tn-agri-1962, tn-agri-1963, tn-agri-1964, tn-agri-1965"
"Tamil Nadu District Government — Tiruvarur Agriculture dept. District crop profile, seed farms, soil testing, farmer training, NADP, NFSM, PMFBY crop insurance, PMKSY irrigation, coconut development, millet promotion schemes.",https://tiruvarur.nic.in/,Manual Download,government_schemes — all,"tn-agri-1966, tn-agri-1967, tn-agri-1968, tn-agri-1969, tn-agri-1970"
"Tamil Nadu District Government — Dindigul Agriculture dept. District crop profile, seed farms, soil testing, farmer training, NADP, NFSM, PMFBY crop insurance, PMKSY irrigation, coconut development, millet promotion schemes.",https://dindigul.nic.in/,Manual Download,government_schemes — all,"tn-agri-1971, tn-agri-1972"
"Tamil Nadu District Government — Karur Agriculture dept. District crop profile, seed farms, soil testing, farmer training, NADP, NFSM, PMFBY crop insurance, PMKSY irrigation, coconut development, millet promotion schemes.",https://karur.nic.in/,Manual Download,government_schemes — all,"tn-agri-1973, tn-agri-1974"
"Tamil Nadu District Government — Ranipet Animal Husbandry dept. Artificial insemination, A2 milk, chaff cutters, mineral mixture supply, FMD control programme, livestock insurance, fodder development, vaccination schemes.",https://ranipet.nic.in/,Manual Download,livestock_dairy — all,"tn-agri-1975, tn-agri-1976, tn-agri-1977, tn-agri-1978, tn-agri-1979"
"Tamil Nadu District Government — Thoothukudi Animal Husbandry dept. Artificial insemination, A2 milk, chaff cutters, mineral mixture supply, FMD control programme, livestock insurance, fodder development, vaccination schemes.",https://thoothukudi.nic.in/,Manual Download,livestock_dairy — all,"tn-agri-1980, tn-agri-1981, tn-agri-1982, tn-agri-1983, tn-agri-1984, tn-agri-1985, tn-agri-1986"
"Tamil Nadu District Government — Tirupathur Animal Husbandry dept. Artificial insemination, A2 milk, chaff cutters, mineral mixture supply, FMD control programme, livestock insurance, fodder development, vaccination schemes.",https://tirupathur.nic.in/,Manual Download,livestock_dairy — all,"tn-agri-1987, tn-agri-1988, tn-agri-1989"
"Tamil Nadu District Government — Dindigul Animal Husbandry, Dairying, Fisheries dept. Inland fisheries, aquaculture schemes, livestock dairy, FMD control, livestock insurance.",https://dindigul.nic.in/,Manual Download,aquaculture — all,"tn-agri-1990, tn-agri-1991, tn-agri-1992, tn-agri-1993"
"Tamil Nadu District Government — Chengalpattu Agriculture dept. District crop profile, seed farms, soil testing, farmer training, NADP, NFSM, PMFBY crop insurance, PMKSY irrigation, coconut development, millet promotion schemes.",https://chengalpattu.nic.in/,Manual Download,government_schemes — all,"tn-agri-1994, tn-agri-1995, tn-agri-1996, tn-agri-1997"
"Tamil Nadu District Government — Tiruvallur Agriculture dept. District crop profile, seed farms, soil testing, farmer training, NADP, NFSM, PMFBY crop insurance, PMKSY irrigation, coconut development, millet promotion schemes.",https://tiruvallur.nic.in/,Manual Download,government_schemes — all,tn-agri-1998
"Tamil Nadu District Government — Tiruvarur Horticulture dept. NHM/MIDH scheme subsidies with exact rupee amounts per crop (mango, banana, papaya, guava). PMKSY micro-irrigation, organic farming subsidy by year, water harvesting, power tiller subsidy.",https://tiruvarur.nic.in/,Manual Download,government_schemes — all,"tn-agri-1999, tn-agri-2000, tn-agri-2001, tn-agri-2002, tn-agri-2003, tn-agri-2004, tn-agri-2005, tn-agri-2006"
"Tamil Nadu District Government — Dharmapuri Horticulture dept. NHM/MIDH scheme subsidies with exact rupee amounts per crop (mango, banana, papaya, guava). PMKSY micro-irrigation, organic farming subsidy by year, water harvesting, power tiller subsidy.",https://dharmapuri.nic.in/,Manual Download,government_schemes — all,"tn-agri-2007, tn-agri-2008, tn-agri-2009"
"Tamil Nadu District Government — Tiruchirappalli Horticulture dept. NHM/MIDH scheme subsidies with exact rupee amounts per crop (mango, banana, papaya, guava). PMKSY micro-irrigation, organic farming subsidy by year, water harvesting, power tiller subsidy.",https://tiruchirappalli.nic.in/,Manual Download,government_schemes — all,"tn-agri-2010, tn-agri-2011, tn-agri-2012, tn-agri-2013, tn-agri-2014, tn-agri-2015, tn-agri-2016, tn-agri-2017, tn-agri-2018, tn-agri-2019, tn-agri-2020, tn-agri-2021, tn-agri-2022"
"Tamil Nadu District Government — Mayiladuthurai Horticulture dept. NHM/MIDH scheme subsidies with exact rupee amounts per crop (mango, banana, papaya, guava). PMKSY micro-irrigation, organic farming subsidy by year, water harvesting, power tiller subsidy.",https://mayiladuthurai.nic.in/,Manual Download,government_schemes — all,"tn-agri-2023, tn-agri-2024, tn-agri-2025, tn-agri-2026, tn-agri-2027"
"Tamil Nadu District Government — Virudhunagar Horticulture dept. NHM/MIDH scheme subsidies with exact rupee amounts per crop (mango, banana, papaya, guava). PMKSY micro-irrigation, organic farming subsidy by year, water harvesting, power tiller subsidy.",https://virudhunagar.nic.in/,Manual Download,government_schemes — all,"tn-agri-2028, tn-agri-2029, tn-agri-2030, tn-agri-2031, tn-agri-2032, tn-agri-2033"
"Tamil Nadu District Government — Kanniyakumari Horticulture dept. NHM/MIDH scheme subsidies with exact rupee amounts per crop (mango, banana, papaya, guava). PMKSY micro-irrigation, organic farming subsidy by year, water harvesting, power tiller subsidy.",https://kanniyakumari.nic.in/,Manual Download,government_schemes — all,"tn-agri-2034, tn-agri-2035, tn-agri-2036, tn-agri-2037, tn-agri-2038, tn-agri-2039, tn-agri-2040, tn-agri-2041"
"Tamil Nadu District Government — Nagapattinam Horticulture dept. NHM/MIDH scheme subsidies with exact rupee amounts per crop (mango, banana, papaya, guava). PMKSY micro-irrigation, organic farming subsidy by year, water harvesting, power tiller subsidy.",https://nagapattinam.nic.in/,Manual Download,government_schemes — all,"tn-agri-2042, tn-agri-2043, tn-agri-2044, tn-agri-2045, tn-agri-2046, tn-agri-2047, tn-agri-2048, tn-agri-2049, tn-agri-2050"
"Tamil Nadu District Government — Ramanathapuram Horticulture dept. NHM/MIDH scheme subsidies with exact rupee amounts per crop (mango, banana, papaya, guava). PMKSY micro-irrigation, organic farming subsidy by year, water harvesting, power tiller subsidy.",https://ramanathapuram.nic.in/,Manual Download,government_schemes — all,"tn-agri-2051, tn-agri-2052, tn-agri-2053, tn-agri-2054, tn-agri-2055, tn-agri-2056, tn-agri-2057, tn-agri-2058, tn-agri-2059, tn-agri-2060"
"Tamil Nadu District Government — Ranipet Horticulture dept. NHM/MIDH scheme subsidies with exact rupee amounts per crop (mango, banana, papaya, guava). PMKSY micro-irrigation, organic farming subsidy by year, water harvesting, power tiller subsidy.",https://ranipet.nic.in/,Manual Download,government_schemes — all,"tn-agri-2061, tn-agri-2062, tn-agri-2063, tn-agri-2064, tn-agri-2065, tn-agri-2066, tn-agri-2067, tn-agri-2068, tn-agri-2069, tn-agri-2070"
"Tamil Nadu District Government — Tiruvallur Horticulture dept. NHM/MIDH scheme subsidies with exact rupee amounts per crop (mango, banana, papaya, guava). PMKSY micro-irrigation, organic farming subsidy by year, water harvesting, power tiller subsidy.",https://tiruvallur.nic.in/,Manual Download,government_schemes — all,"tn-agri-2071, tn-agri-2072, tn-agri-2073, tn-agri-2074, tn-agri-2075, tn-agri-2076, tn-agri-2077, tn-agri-2078, tn-agri-2079, tn-agri-2080, tn-agri-2081, tn-agri-2082, tn-agri-2083"
"Tamil Nadu District Government — Tiruvannamalai Horticulture dept. NHM/MIDH scheme subsidies with exact rupee amounts per crop (mango, banana, papaya, guava). PMKSY micro-irrigation, organic farming subsidy by year, water harvesting, power tiller subsidy.",https://tiruvannamalai.nic.in/,Manual Download,government_schemes — all,"tn-agri-2084, tn-agri-2085, tn-agri-2086, tn-agri-2087, tn-agri-2088, tn-agri-2089, tn-agri-2090, tn-agri-2091, tn-agri-2092, tn-agri-2093, tn-agri-2094, tn-agri-2095, tn-agri-2096, tn-agri-2097, tn-agri-2098, tn-agri-2099, tn-agri-2100, tn-agri-2101, tn-agri-2102, tn-agri-2103, tn-agri-2104, tn-agri-2105, tn-agri-2106, tn-agri-2107, tn-agri-2108"
"Tamil Nadu District Government — Tamil Nadu Agriculture dept. District crop profile, seed farms, soil testing, farmer training, NADP, NFSM, PMFBY crop insurance, PMKSY irrigation, coconut development, millet promotion schemes.",https://tamilnadu.nic.in/,Manual Download,government_schemes — all,"tn-agri-2109, tn-agri-2110, tn-agri-2111, tn-agri-2112, tn-agri-2113, tn-agri-2114, tn-agri-2115"
"Tamil Nadu District Government — Karur Agriculture dept. District crop profile, seed farms, soil testing, farmer training, NADP, NFSM, PMFBY crop insurance, PMKSY irrigation, coconut development, millet promotion schemes.",https://karur.nic.in/,Manual Download,government_schemes — all,"tn-agri-2116, tn-agri-2117, tn-agri-2118, tn-agri-2119, tn-agri-2120, tn-agri-2121, tn-agri-2122, tn-agri-2123, tn-agri-2124, tn-agri-2125, tn-agri-2126, tn-agri-2127, tn-agri-2128, tn-agri-2129, tn-agri-2130"
"Tamil Nadu District Government — Salem Agriculture dept. District crop profile, seed farms, soil testing, farmer training, NADP, NFSM, PMFBY crop insurance, PMKSY irrigation, coconut development, millet promotion schemes.",https://salem.nic.in/,Manual Download,government_schemes — all,"tn-agri-2131, tn-agri-2132, tn-agri-2133, tn-agri-2134, tn-agri-2135, tn-agri-2136, tn-agri-2137, tn-agri-2138, tn-agri-2139, tn-agri-2140, tn-agri-2141, tn-agri-2142, tn-agri-2143, tn-agri-2144, tn-agri-2145, tn-agri-2146, tn-agri-2147, tn-agri-2148"
"Tamil Nadu District Government — Salem Horticulture dept. NHM/MIDH scheme subsidies with exact rupee amounts per crop (mango, banana, papaya, guava). PMKSY micro-irrigation, organic farming subsidy by year, water harvesting, power tiller subsidy.",https://salem.nic.in/,Manual Download,government_schemes — all,"tn-agri-2149, tn-agri-2150, tn-agri-2151, tn-agri-2152, tn-agri-2153, tn-agri-2154"
"Tamil Nadu District Government — Nilgiris Agriculture dept. District crop profile, seed farms, soil testing, farmer training, NADP, NFSM, PMFBY crop insurance, PMKSY irrigation, coconut development, millet promotion schemes.",https://nilgiris.nic.in/,Manual Download,government_schemes — all,"tn-agri-2155, tn-agri-2156, tn-agri-2157, tn-agri-2158, tn-agri-2159, tn-agri-2160"
"Tamil Nadu District Government — Theni Agriculture dept. District crop profile, seed farms, soil testing, farmer training, NADP, NFSM, PMFBY crop insurance, PMKSY irrigation, coconut development, millet promotion schemes.",https://theni.nic.in/,Manual Download,government_schemes — all,"tn-agri-2161, tn-agri-2162, tn-agri-2163"
"Tamil Nadu District Government — Theni Horticulture dept. NHM/MIDH scheme subsidies with exact rupee amounts per crop (mango, banana, papaya, guava). PMKSY micro-irrigation, organic farming subsidy by year, water harvesting, power tiller subsidy.",https://theni.nic.in/,Manual Download,government_schemes — all,"tn-agri-2164, tn-agri-2165, tn-agri-2166, tn-agri-2167, tn-agri-2168, tn-agri-2169, tn-agri-2170, tn-agri-2171, tn-agri-2172, tn-agri-2173, tn-agri-2174"
"Kisan Call Centre (KCC) Tamil Nadu — Real farmer call logs 2008-2020. District-specific Q&A: pest control, fertilizer, variety selection, irrigation, livestock, post-harvest. Source: data.gov.in open data portal.",https://mkisan.gov.in/,Real Farmer Call Logs,pest_control + fertilizer + crop_management + variety_selection + irrigation + livestock_advisory + post_harvest,"tn-agri-2185 to tn-agri-2462 (278 rows)"
"Manually crafted L5 high-stakes dilemma rows — Expert synthesis. 8 rows: drought + irrigation dilemma, cyclone + harvest timing, KCC loan + crop failure, flood + crop choice, monsoon delay + sowing, borewell failure + sugarcane, mental health + debt, organic certification + pest pressure.",Manual Expert Synthesis,Manual Expert Synthesis,L5_high_stakes — multiple crops,"tn-agri-2453 to tn-agri-2460"
"L3 fine-grained multi-variable synthesis rows — 8 rows. Each synthesizes soil type + growth stage + crop + region + season. Generated via OpenRouter llama-3.3-70b-instruct grounded in TNAU knowledge.",OpenRouter LLM Generation,LLM Generated (TNAU grounded),L3_fine_grained — rice/groundnut/cotton/banana/chilli/sugarcane/tomato/paddy,"tn-agri-2461 to tn-agri-2468"
"L4 symptom diagnosis rows — 8 rows. Farmer describes symptoms only; answer diagnoses by name + treatment. Covers: blast/iron deficiency/pink bollworm/Panama wilt/thrips/leaf curl virus/root wilt/fall armyworm.",OpenRouter LLM Generation,LLM Generated (TNAU grounded),L4_diagnosis — rice/groundnut/cotton/banana/chilli/tomato/coconut/maize,"tn-agri-2469 to tn-agri-2476"
"Negative space rows — 5 rows where correct answer is NOT to act. Covers: paddy yellowing (wait), prophylactic fungicide (don't spray), single wilted tomato (remove only), pre-rain irrigation (wait), minor flower drop (wait).",OpenRouter LLM Generation,LLM Generated (TNAU grounded),negative_space — rice/groundnut/tomato/rice/chilli,"tn-agri-2477 to tn-agri-2481"
"Contrastive pair rows — 6 rows (3 pairs). Same topic, different context = different outcome. Covers: rice blast at tillering vs neck stage; groundnut dry spell at vegetative vs germination; cotton PMFBY enrolled vs not enrolled.",OpenRouter LLM Generation,LLM Generated (TNAU grounded),contrastive_pair — rice/groundnut/cotton,"tn-agri-2482 to tn-agri-2487"
